manufacturer,year,model,total_range_in_mls
Chevrolet,2023,Bolt EV,259
Chevrolet,2022,Bolt EV,259
Chevrolet,2019,Bolt EV,238
Chevrolet,2021,Bolt EV,259
Chevrolet,2020,Bolt EV,259
Chevrolet,2023,Bolt EUV,247
Chevrolet,2022,Bolt EUV,247
Chevrolet,2024,Blazer EV AWD,279
Chevrolet,2019,Volt,393
Chevrolet,2024,Silverado EV,450
Chevrolet,2024,Silverado EV,598
Chevrolet,2019,Malibu Hybrid,500
Chevrolet,2019,Cruze,472
Chevrolet,2019,Cruze Hatchback,452
Chevrolet,2019,Cruze,297
Chevrolet,2022,Spark,297
Chevrolet,2021,Spark,297
Chevrolet,2020,Spark,297
Chevrolet,2019,Spark,297
Chevrolet,2022,Spark ACTIV,297
Chevrolet,2021,Spark ACTIV,297
Chevrolet,2020,Spark ACTIV,297
Chevrolet,2019,Spark ACTIV,297
Chevrolet,2022,Spark,297
Chevrolet,2021,Spark,297
Chevrolet,2020,Spark,297
Chevrolet,2019,Spark,288
Chevrolet,2022,Spark ACTIV,288
Chevrolet,2021,Spark ACTIV,288
Chevrolet,2020,Spark ACTIV,288
Chevrolet,2019,Spark ACTIV,506
Chevrolet,2022,Malibu,506
Chevrolet,2021,Malibu,506
Chevrolet,2020,Malibu,477
Chevrolet,2019,Malibu,438
Chevrolet,2019,Equinox FWD,438
Chevrolet,2019,Cruze,438
Chevrolet,2019,Cruze Hatchback,499
Chevrolet,2019,Cruze Premier,409
Chevrolet,2019,Equinox AWD,409
Chevrolet,2024,Trailblazer FWD,409
Chevrolet,2023,Trailblazer FWD,409
Chevrolet,2022,Trailblazer FWD,425
Chevrolet,2021,Trailblazer FWD,378
Chevrolet,2019,Cruze Premier Hatchback,396
Chevrolet,2019,Sonic,396
Chevrolet,2023,Trailblazer FWD,474
Chevrolet,2022,Trailblazer FWD,383
Chevrolet,2024,Trax,354
Chevrolet,2023,Malibu,354
Chevrolet,2021,Trailblazer FWD,354
Chevrolet,2019,Sonic 5,354
Chevrolet,2020,Sonic,354
Chevrolet,2019,Sonic,417
Chevrolet,2020,Sonic 5,417
Chevrolet,2019,Sonic 5,417
Chevrolet,2019,Equinox FWD,417
Chevrolet,2024,Equinox FWD,417
Chevrolet,2023,Equinox FWD,417
Chevrolet,2022,Equinox FWD,392
Chevrolet,2021,Equinox FWD,392
Chevrolet,2020,Equinox FWD,392
Chevrolet,2019,Trax,370
Chevrolet,2021,Trax FWD,370
Chevrolet,2020,Trax FWD,370
Chevrolet,2023,Trailblazer AWD,356
Chevrolet,2022,Trailblazer AWD,421
Chevrolet,2021,Trailblazer AWD,421
Chevrolet,2024,Trailblazer AWD,421
Chevrolet,2022,Equinox AWD,421
Chevrolet,2021,Equinox AWD,378
Chevrolet,2020,Equinox AWD,378
Chevrolet,2019,Equinox AWD,648
Chevrolet,2022,Trax FWD,648
Chevrolet,2021,Trax FWD,406
Chevrolet,2021,Silverado 2WD,406
Chevrolet,2020,Silverado 2WD,624
Chevrolet,2024,Equinox AWD,364
Chevrolet,2023,Equinox AWD,364
Chevrolet,2023,Silverado 2WD,364
Chevrolet,2021,Trax AWD,624
Chevrolet,2020,Trax AWD,364
Chevrolet,2019,Trax AWD,364
Chevrolet,2022,Silverado 2WD,624
Chevrolet,2022,Trax AWD,411
Chevrolet,2021,Trax AWD,411
Chevrolet,2024,Silverado 2WD,411
Chevrolet,2022,Malibu,411
Chevrolet,2021,Malibu,600
Chevrolet,2020,Malibu,475
Chevrolet,2019,Malibu,475
Chevrolet,2020,Silverado 4WD,475
Chevrolet,2020,Camaro,475
Chevrolet,2019,Camaro,475
Chevrolet,2023,Camaro,485
Chevrolet,2022,Camaro,485
Chevrolet,2021,Camaro,485
Chevrolet,2024,Blazer FWD,485
Chevrolet,2023,Blazer FWD,372
Chevrolet,2022,Blazer FWD,372
Chevrolet,2021,Blazer FWD,462
Chevrolet,2020,Equinox FWD,576
Chevrolet,2019,Equinox FWD,374
Chevrolet,2019,Impala,374
Chevrolet,2024,Silverado 4WD,521
Chevrolet,2020,Equinox AWD,521
Chevrolet,2019,Equinox AWD,521
Chevrolet,2024,Blazer AWD,521
Chevrolet,2023,Blazer AWD,466
Chevrolet,2022,Blazer AWD,576
Chevrolet,2021,Blazer AWD,576
Chevrolet,2019,Blazer FWD,576
Chevrolet,2023,Silverado 4WD,576
Chevrolet,2023,Silverado 4WD,466
Chevrolet,2022,Silverado 4WD,576
Chevrolet,2021,Silverado 4WD,576
Chevrolet,2020,Blazer FWD,576
Chevrolet,2024,Tahoe 2WD,672
Chevrolet,2023,Tahoe 2WD,552
Chevrolet,2022,Tahoe 2WD,499
Chevrolet,2021,Tahoe 2WD,446
Chevrolet,2022,Silverado 4WD,446
Chevrolet,2020,Blazer AWD,644
Chevrolet,2021,Blazer FWD,644
Chevrolet,2020,Blazer FWD,644
Chevrolet,2024,Suburban 2WD,644
Chevrolet,2023,Suburban 2WD,552
Chevrolet,2022,Suburban 2WD,437
Chevrolet,2021,Suburban 2WD,437
Chevrolet,2024,Silverado 4WD,483
Chevrolet,2020,Camaro,483
Chevrolet,2019,Camaro,483
Chevrolet,2022,Colorado 2WD,483
Chevrolet,2021,Colorado 2WD,528
Chevrolet,2020,Colorado 2WD,528
Chevrolet,2019,Colorado 2WD,528
Chevrolet,2024,Silverado Mud Terrain Tires 4WD,427
Chevrolet,2024,Silverado Mud Terrain Tires 4WD,427
Chevrolet,2023,Silverado Mud Terrain Tires 4WD,462
Chevrolet,2021,Blazer FWD,462
Chevrolet,2019,Blazer FWD,462
Chevrolet,2020,Colorado 2WD,616
Chevrolet,2019,Colorado 2WD,616
Chevrolet,2019,Colorado 2WD,616
Chevrolet,2024,Suburban 4WD,616
Chevrolet,2023,Suburban 4WD,528
Chevrolet,2022,Suburban 4WD,528
Chevrolet,2021,Suburban 4WD,528
Chevrolet,2024,Tahoe 4WD,616
Chevrolet,2023,Tahoe 4WD,471
Chevrolet,2022,Tahoe 4WD,471
Chevrolet,2021,Tahoe 4WD,418
Chevrolet,2019,Traverse FWD,418
Chevrolet,2023,Colorado 2WD,418
Chevrolet,2024,Colorado 2WD,418
Chevrolet,2022,Camaro,418
Chevrolet,2021,Camaro,462
Chevrolet,2020,Camaro,462
Chevrolet,2019,Camaro,462
Chevrolet,2023,Camaro,462
Chevrolet,2022,Colorado 4WD,407
Chevrolet,2021,Colorado 4WD,407
Chevrolet,2020,Colorado 4WD,427
Chevrolet,2019,Colorado 4WD,427
Chevrolet,2020,Impala,427
Chevrolet,2019,Impala,462
Chevrolet,2023,Blazer FWD,462
Chevrolet,2022,Blazer FWD,418
Chevrolet,2024,Blazer FWD,418
Chevrolet,2022,Colorado 2WD,418
Chevrolet,2021,Colorado 2WD,418
Chevrolet,2024,Camaro,407
Chevrolet,2023,Camaro,296
Chevrolet,2022,Camaro,407
Chevrolet,2021,Camaro,296
Chevrolet,2020,Impala,504
Chevrolet,2019,Impala,504
Chevrolet,2021,Silverado 2WD,504
Chevrolet,2021,Silverado 2WD,504
Chevrolet,2020,Silverado 2WD,504
Chevrolet,2019,Silverado C10 2WD,504
Chevrolet,2022,Silverado Mud Terrain Tires 4WD,456
Chevrolet,2024,Silverado 4WD ZR2,456
Chevrolet,2023,Blazer AWD,407
Chevrolet,2022,Blazer AWD,407
Chevrolet,2021,Blazer AWD,449
Chevrolet,2020,Blazer FWD,441
Chevrolet,2024,Colorado 2WD,441
Chevrolet,2022,Colorado 4WD,441
Chevrolet,2021,Colorado 4WD,441
Chevrolet,2020,Colorado 4WD,449
Chevrolet,2019,Colorado 4WD,456
Chevrolet,2023,Colorado 4WD,407
Chevrolet,2023,Traverse FWD,456
Chevrolet,2022,Traverse FWD,456
Chevrolet,2021,Traverse FWD,441
Chevrolet,2020,Traverse FWD,441
Chevrolet,2019,Traverse FWD,480
Chevrolet,2024,Blazer AWD,480
Chevrolet,2024,Traverse Limited FWD,480
Chevrolet,2020,Blazer AWD,480
Chevrolet,2019,Blazer AWD,480
Chevrolet,2022,Colorado 2WD,480
Chevrolet,2021,Colorado 2WD,480
Chevrolet,2023,Silverado 2WD,480
Chevrolet,2022,Silverado 2WD,480
Chevrolet,2022,Silverado 2WD,480
Chevrolet,2020,Silverado 2WD,480
Chevrolet,2021,Silverado 4WD,420
Chevrolet,2021,Silverado 4WD,420
Chevrolet,2020,Silverado 4WD,428
Chevrolet,2020,Silverado 4WD,480
Chevrolet,2019,Silverado C10 2WD,428
Chevrolet,2019,Silverado K10 4WD,480
Chevrolet,2023,Silverado 2WD,434
Chevrolet,2020,Colorado 2WD,480
Chevrolet,2019,Colorado 2WD,380
Chevrolet,2023,Colorado 2WD,380
Chevrolet,2024,Colorado 4WD,380
Chevrolet,2024,Colorado 4WD,380
Chevrolet,2024,Silverado 2WD,380
Chevrolet,2023,Traverse AWD,380
Chevrolet,2022,Traverse AWD,380
Chevrolet,2021,Traverse AWD,380
Chevrolet,2020,Traverse AWD,380
Chevrolet,2019,Traverse AWD,380
Chevrolet,2024,Traverse Limited AWD,380
Chevrolet,2020,Silverado 2WD,380
Chevrolet,2020,Camaro,399
Chevrolet,2019,Camaro,399
Chevrolet,2019,Camaro,399
Chevrolet,2024,Camaro,399
Chevrolet,2024,Camaro,456
Chevrolet,2023,Camaro,456
Chevrolet,2023,Camaro,456
Chevrolet,2022,Camaro,456
Chevrolet,2022,Camaro,399
Chevrolet,2021,Camaro,399
Chevrolet,2021,Camaro,399
Chevrolet,2020,Camaro,399
Chevrolet,2022,Colorado ZR2 4WD,456
Chevrolet,2021,Colorado ZR2 4WD,456
Chevrolet,2020,Colorado ZR2 4WD,456
Chevrolet,2019,Colorado ZR2 4WD,456
Chevrolet,2024,Silverado 4WD,407
Chevrolet,2023,Silverado 4WD,456
Chevrolet,2023,Silverado 4WD,456
Chevrolet,2019,Silverado K10 4WD,456
Chevrolet,2022,Colorado 4WD,352
Chevrolet,2021,Colorado 4WD,352
Chevrolet,2020,Colorado 4WD,361
Chevrolet,2019,Colorado 4WD,361
Chevrolet,2019,Silverado C10 XFE 2WD,361
Chevrolet,2021,Silverado 2WD,361
Chevrolet,2020,Silverado 2WD,361
Chevrolet,2019,Silverado C10 2WD,361
Chevrolet,2023,Colorado 4WD,352
Chevrolet,2024,Silverado 2WD,352
Chevrolet,2023,Silverado 2WD,352
Chevrolet,2023,Silverado 2WD,456
Chevrolet,2024,Corvette,456
Chevrolet,2019,Corvette,352
Chevrolet,2024,Camaro,352
Chevrolet,2023,Camaro,385
Chevrolet,2022,Camaro,432
Chevrolet,2021,Camaro,432
Chevrolet,2020,Camaro,385
Chevrolet,2019,Camaro,432
Chevrolet,2023,Corvette,432
Chevrolet,2022,Corvette,432
Chevrolet,2024,Corvette E-RAY,432
Chevrolet,2021,Silverado 4WD,432
Chevrolet,2020,Silverado 4WD,432
Chevrolet,2021,Corvette,432
Chevrolet,2020,Corvette,432
Chevrolet,2024,Colorado Mud Terrain Tires 4WD,432
Chevrolet,2022,Silverado 4WD,432
Chevrolet,2022,Silverado 4WD,432
Chevrolet,2023,Colorado Mud Terrain Tires 4WD,432
Chevrolet,2024,Silverado 4WD,432
Chevrolet,2024,Silverado 2WD,432
Chevrolet,2021,Silverado 4WD,432
Chevrolet,2020,Silverado 4WD,312
Chevrolet,2019,Silverado K10 4WD,432
Chevrolet,2024,Silverado 2WD,312
Chevrolet,2022,Silverado 2WD,432
Chevrolet,2022,Silverado 2WD,432
Chevrolet,2022,Silverado 2WD,504
Chevrolet,2022,Silverado 2WD,432
Chevrolet,2021,Silverado 4WD,432
Chevrolet,2021,Silverado 4WD TrailBoss,333
Chevrolet,2020,Silverado 4WD TrailBoss,558
Chevrolet,2020,Silverado 4WD TrailBoss,403
Chevrolet,2024,Silverado 2WD,558
Chevrolet,2023,Silverado 2WD,558
Chevrolet,2023,Silverado 2WD,558
Chevrolet,2022,Silverado 4WD,403
Chevrolet,2021,Suburban 2WD,468
Chevrolet,2021,Tahoe 2WD,338
Chevrolet,2021,Tahoe 4WD,468
Chevrolet,2019,Corvette,468
Chevrolet,2020,Suburban C1500 2WD,468
Chevrolet,2020,Suburban C1500 2WD,338
Chevrolet,2019,Suburban C1500 2WD,432
Chevrolet,2019,Suburban C1500 2WD,408
Chevrolet,2020,Tahoe C1500 2WD,364
Chevrolet,2020,Tahoe C1500 2WD,408
Chevrolet,2019,Tahoe C1500 2WD,408
Chevrolet,2019,Tahoe C1500 2WD,408
Chevrolet,2021,Silverado 4WD,408
Chevrolet,2023,Silverado Mud Terrain Tires 4WD,408
Chevrolet,2024,Colorado ZR2 4WD,408
Chevrolet,2021,Silverado 2WD,408
Chevrolet,2020,Silverado 2WD,408
Chevrolet,2019,Silverado C10 2WD,357
Chevrolet,2023,Silverado 4WD,357
Chevrolet,2023,Silverado 4WD,357
Chevrolet,2023,Silverado 4WD,357
Chevrolet,2020,Silverado 4WD,408
Chevrolet,2019,Silverado K10 4WD,408
Chevrolet,2022,Colorado ZR2 4WD,314
Chevrolet,2021,Colorado ZR2 4WD,408
Chevrolet,2020,Colorado ZR2 4WD,442
Chevrolet,2019,Colorado ZR2 4WD,408
Chevrolet,2022,Silverado Mud Terrain Tires 4WD,408
Chevrolet,2024,Silverado Mud Terrain Tires 4WD,408
Chevrolet,2019,Corvette Z06,408
Chevrolet,2021,Silverado 2WD,442
Chevrolet,2019,Silverado LD C15 2WD,442
Chevrolet,2021,Silverado 2WD,442
Chevrolet,2020,Silverado 2WD,338
Chevrolet,2021,Silverado 4WD TrailBoss,442
Chevrolet,2019,Silverado C10 2WD,338
Chevrolet,2019,Silverado LD K15 4WD,442
Chevrolet,2020,Tahoe K1500 4WD,408
Chevrolet,2020,Tahoe K1500 4WD,408
Chevrolet,2019,Tahoe K1500 4WD,408
Chevrolet,2019,Tahoe K1500 4WD,408
Chevrolet,2024,Silverado 4WD,408
Chevrolet,2024,Silverado 4WD,408
Chevrolet,2022,Silverado 4WD,408
Chevrolet,2022,Silverado 4WD,408
Chevrolet,2022,Silverado 4WD,408
Chevrolet,2021,Silverado 4WD,408
Chevrolet,2021,Silverado 4WD,408
Chevrolet,2021,Silverado 4WD,312
Chevrolet,2020,Silverado 4WD,408
Chevrolet,2020,Silverado 4WD,408
Chevrolet,2019,Silverado C10 2WD,408
Chevrolet,2019,Silverado K10 4WD,476
Chevrolet,2019,Silverado K10 4WD,476
Chevrolet,2019,Silverado K10 4WD TrailBoss,476
Chevrolet,2024,Suburban 2WD,476
Chevrolet,2023,Suburban 2WD,476
Chevrolet,2022,Suburban 2WD,476
Chevrolet,2022,Suburban 2WD,408
Chevrolet,2021,Suburban 2WD,408
Chevrolet,2021,Suburban 2WD,408
Chevrolet,2024,Tahoe 2WD,408
Chevrolet,2023,Tahoe 2WD,408
Chevrolet,2022,Tahoe 2WD,476
Chevrolet,2022,Tahoe 2WD,408
Chevrolet,2021,Tahoe 2WD,408
Chevrolet,2021,Tahoe 2WD,408
Chevrolet,2024,Tahoe 4WD,476
Chevrolet,2023,Tahoe 4WD,408
Chevrolet,2022,Tahoe 4WD,288
Chevrolet,2021,Tahoe 4WD,408
Chevrolet,2024,Silverado 4WD,408
Chevrolet,2024,Silverado 4WD,288
Chevrolet,2023,Silverado 4WD,408
Chevrolet,2023,Silverado 4WD,408
Chevrolet,2022,Silverado 4WD,408
Chevrolet,2021,Silverado 4WD TrailBoss,408
Chevrolet,2021,Silverado 4WD TrailBoss,408
Chevrolet,2020,Silverado 4WD TrailBoss,408
Chevrolet,2019,Silverado C10 Cab Chassis 2WD,288
Chevrolet,2021,Silverado Cab Chassis 2WD,408
Chevrolet,2020,Silverado Cab Chassis 2WD,288
Chevrolet,2024,Silverado Mud Terrain Tires 4WD,476
Chevrolet,2023,Silverado Mud Terrain Tires 4WD,314
Chevrolet,2021,Suburban 4WD,527
Chevrolet,2022,Silverado Cab Chassis 2WD,527
Chevrolet,2019,Corvette Z06,442
Chevrolet,2020,Suburban C1500 2WD,442
Chevrolet,2019,Suburban C1500 2WD,442
Chevrolet,2020,Tahoe C1500 2WD,442
Chevrolet,2019,Tahoe C1500 2WD,384
Chevrolet,2020,Tahoe K1500 4WD,342
Chevrolet,2019,Tahoe K1500 4WD,342
Chevrolet,2024,Silverado Mud Terrain Tires 4WD,384
Chevrolet,2023,Colorado ZR2 4WD,384
Chevrolet,2024,Colorado ZR2 Bison 4WD,288
Chevrolet,2024,Silverado 2WD,384
Chevrolet,2022,Silverado 2WD,288
Chevrolet,2021,Silverado 2WD,384
Chevrolet,2020,Silverado 2WD,288
Chevrolet,2024,Silverado 4WD,384
Chevrolet,2022,Silverado 4WD,384
Chevrolet,2019,Silverado K10 4WD,384
Chevrolet,2024,Silverado Mud Terrain Tires 4WD,288
Chevrolet,2023,Silverado Mud Terrain Tires 4WD,384
Chevrolet,2023,Suburban 4WD,384
Chevrolet,2022,Suburban 4WD,448
Chevrolet,2021,Suburban 4WD,448
Chevrolet,2024,Silverado Cab Chassis 2WD,448
Chevrolet,2023,Silverado Cab Chassis 2WD,384
Chevrolet,2024,Silverado Mud Terrain Tires 4WD,384
Chevrolet,2024,Silverado Mud Terrain Tires 4WD,384
Chevrolet,2023,Silverado Mud Terrain Tires 4WD,448
Chevrolet,2024,Suburban 4WD,384
Chevrolet,2023,Silverado Cab Chassis 4WD,384
Chevrolet,2022,Silverado Cab Chassis 4WD,496
Chevrolet,2021,Silverado 2WD,372
Chevrolet,2021,Silverado 4WD,496
Chevrolet,2020,Suburban K1500 4WD,496
Chevrolet,2020,Suburban K1500 4WD,372
Chevrolet,2019,Suburban K1500 4WD,496
Chevrolet,2019,Suburban K1500 4WD,304
Chevrolet,2024,Camaro,304
Chevrolet,2023,Camaro,304
Chevrolet,2022,Camaro,304
Chevrolet,2021,Camaro,304
Chevrolet,2020,Camaro,304
Chevrolet,2019,Camaro,384
Chevrolet,2021,Silverado 4WD,448
Chevrolet,2024,Suburban 2WD,448
Chevrolet,2023,Suburban 2WD,448
Chevrolet,2022,Suburban 2WD,448
Chevrolet,2022,Suburban 2WD,448
Chevrolet,2021,Suburban 2WD,496
Chevrolet,2020,Suburban K1500 4WD,496
Chevrolet,2019,Suburban K1500 4WD,384
Chevrolet,2024,Tahoe 2WD,384
Chevrolet,2023,Tahoe 2WD,384
Chevrolet,2022,Tahoe 2WD,384
Chevrolet,2022,Tahoe 2WD,448
Chevrolet,2021,Tahoe 2WD,384
Chevrolet,2022,Silverado 4WD,384
Chevrolet,2022,Silverado 4WD,384
Chevrolet,2022,Silverado 4WD,384
Chevrolet,2021,Silverado 4WD TrailBoss,384
Chevrolet,2019,Silverado C10 Cab Chassis 2WD,448
Chevrolet,2022,Suburban 4WD,448
Chevrolet,2022,Suburban 4WD,448
Chevrolet,2022,Suburban 4WD,448
Chevrolet,2021,Suburban 4WD,384
Chevrolet,2022,Tahoe 4WD,384
Chevrolet,2022,Tahoe 4WD,384
Chevrolet,2022,Tahoe 4WD,384
Chevrolet,2021,Tahoe 4WD,384
Chevrolet,2022,Silverado 4WD,288
Chevrolet,2022,Silverado 4WD,384
Chevrolet,2021,Silverado 4WD,384
Chevrolet,2020,Silverado 4WD,288
Chevrolet,2021,Silverado 4WD TrailBoss,384
Chevrolet,2021,Silverado 4WD TrailBoss,288
Chevrolet,2020,Silverado 4WD TrailBoss,384
Chevrolet,2020,Silverado 4WD TrailBoss,384
Chevrolet,2019,Silverado K10 4WD TrailBoss,384
Chevrolet,2019,Silverado K10 4WD TrailBoss,384
Chevrolet,2023,Silverado Mud Terrain Tires 4WD,384
Chevrolet,2022,Silverado Mud Terrain Tires 4WD,384
Chevrolet,2024,Suburban 4WD,384
Chevrolet,2023,Suburban 4WD,384
Chevrolet,2024,Tahoe 4WD,448
Chevrolet,2024,Tahoe 4WD,448
Chevrolet,2023,Tahoe 4WD,384
Chevrolet,2023,Tahoe 4WD,384
Chevrolet,2024,Camaro,384
Chevrolet,2023,Camaro,384
Chevrolet,2022,Camaro,304
Chevrolet,2021,Camaro,304
Chevrolet,2020,Camaro,304
Chevrolet,2019,Camaro,304
Chevrolet,2021,Suburban 4WD,304
Chevrolet,2021,Tahoe 4WD,304
Chevrolet,2019,Colorado Cab Chassis 2WD,448
Chevrolet,2020,Silverado 4WD TrailBoss,448
Chevrolet,2021,Silverado Cab Chassis 2WD,315
Chevrolet,2020,Silverado Cab Chassis 2WD,360
Chevrolet,2022,Silverado Mud Terrain Tires 4WD,360
Chevrolet,2024,Silverado 4WD ZR2,360
Chevrolet,2023,Silverado 4WD ZR2,360
Chevrolet,2022,Silverado 4WD ZR2,360
Chevrolet,2022,Silverado Cab Chassis 2WD,360
Chevrolet,2024,Silverado Cab Chassis 4WD,360
Chevrolet,2022,Silverado Cab Chassis 4WD,360
Chevrolet,2021,Silverado Cab Chassis 4WD,360
Chevrolet,2020,Silverado Cab Chassis 4WD,360
Chevrolet,2019,Silverado K10 Cab Chassis 4WD,264
Chevrolet,2019,Silverado K10 Cab Chassis 4WD,278
Chevrolet,2024,Silverado Mud Terrain Tires 4WD,360
Chevrolet,2022,Silverado Mud Terrain Tires 4WD,360
Chevrolet,2022,Silverado Mud Terrain Tires 4WD,278
Chevrolet,2021,Silverado Cab Chassis 4WD,278
Chevrolet,2020,Silverado Cab Chassis 4WD,278
Chevrolet,2022,Silverado Mud Terrain Tires 4WD,336
Chevrolet,2019,Corvette ZR1,259
Chevrolet,2021,Silverado 4WD TrailBoss,259
Chevrolet,2022,Silverado Cab Chassis 4WD,247
Chevrolet,2022,Silverado Mud Terrain Tires 4WD,247
Chevrolet,2024,Corvette Z06,314
Chevrolet,2023,Corvette Z06,305
Chevrolet,2019,Corvette ZR1,250
Chevrolet,2021,Silverado Cab Chassis 2WD,230
Chevrolet,2021,Silverado Cab Chassis 4WD,310
Chevrolet,2022,Silverado Mud Terrain Tires 4WD,312
Chevrolet,2024,Corvette Z06 Carbon Aero,312
Chevrolet,2023,Corvette Z06 Carbon Aero,303
Ford,2023,Mustang Mach-E RWD,300
Ford,2022,Mustang Mach-E RWD,211
Ford,2022,Mustang Mach-E CAL RT 1 ER RWD,224
Ford,2021,Mustang Mach-E RWD California Route 1,224
Ford,2023,Mustang Mach-E RWD LFP,290
Ford,2021,Mustang Mach-E RWD,277
Ford,2023,Mustang Mach-E RWD Extended,270
Ford,2023,MUSTANG MACH-E CAL RT 1 ER AWD,270
Ford,2022,Mustang Mach-E CAL RT 1 ER AWD,270
Ford,2022,Mustang Mach-E RWD Extended,270
Ford,2021,Mustang Mach-E RWD Extended,260
Ford,2021,Mustang Mach-E AWD,260
Ford,2023,Mustang Mach-E AWD,260
Ford,2022,Mustang Mach-E AWD,320
Ford,2023,Mustang Mach-E AWD Extended,320
Ford,2022,Mustang Mach-E AWD Extended,240
Ford,2021,Mustang Mach-E AWD Extended,230
Ford,2023,Mustang Mach-E GT,300
Ford,2022,Mustang Mach-E GT,300
Ford,2021,Mustang Mach-E GT,588
Ford,2023,Mustang Mach-E GT Performance,588
Ford,2022,Mustang Mach-E GT Performance,582
Ford,2021,Mustang Mach-E GT Performance,574
Ford,2023,F-150 Lightning 4WD Extended Range,574
Ford,2022,F-150 Lightning 4WD Extended Range,568
Ford,2023,F-150 Lightning 4WD,558
Ford,2022,F-150 Lightning 4WD,558
Ford,2022,Escape FWD PHEV,558
Ford,2021,Escape FWD PHEV,558
Ford,2020,Escape FWD PHEV,511
Ford,2023,F-150 Lightning Platinum 4WD,511
Ford,2022,F-150 Lightning Platinum 4WD,511
Ford,2023,Escape FWD PHEV,384
Ford,2020,Fusion Energi Plug-in Hybrid,444
Ford,2019,Fusion Energi Plug-in Hybrid,372
Ford,2020,Fusion Special Service PHEV,444
Ford,2019,Fusion Special Service Vehicle PHEV,444
Ford,2020,Fusion Hybrid FWD,386
Ford,2019,Fusion Hybrid FWD,386
Ford,2022,Escape FWD HEV,381
Ford,2021,Escape FWD HEV,504
Ford,2020,Escape FWD HEV,440
Ford,2020,Fusion Hybrid Taxi,440
Ford,2019,Fusion Hybrid Taxi,440
Ford,2022,Escape AWD HEV,347
Ford,2021,Escape AWD HEV,486
Ford,2020,Escape AWD HEV,486
Ford,2024,Escape AWD HEV,486
Ford,2023,Escape AWD HEV,446
Ford,2024,Escape FWD HEV,446
Ford,2023,Escape FWD HEV,416
Ford,2024,Maverick HEV FWD,416
Ford,2022,Maverick HEV FWD,416
Ford,2023,Maverick HEV FWD,416
Ford,2019,Fiesta FWD,468
Ford,2022,Escape FWD,468
Ford,2021,Escape FWD,411
Ford,2019,Fiesta FWD,300
Ford,2024,Escape FWD,411
Ford,2023,Escape FWD,300
Ford,2020,Escape FWD,411
Ford,2021,EcoSport FWD,300
Ford,2020,EcoSport FWD,411
Ford,2019,EcoSport FWD,411
Ford,2020,Explorer HEV RWD,411
Ford,2024,Escape AWD,411
Ford,2023,Escape AWD,284
Ford,2022,Escape AWD,411
Ford,2021,Escape AWD,411
Ford,2020,Escape AWD,408
Ford,2019,Fiesta ST FWD,408
Ford,2023,Explorer HEV RWD,408
Ford,2022,Explorer HEV RWD,429
Ford,2021,Explorer HEV RWD,429
Ford,2020,Fusion FWD,408
Ford,2019,Fusion FWD,765
Ford,2024,Bronco Sport 4WD,765
Ford,2023,Bronco Sport 4WD,395
Ford,2022,Bronco Sport 4WD,395
Ford,2021,Bronco Sport 4WD,395
Ford,2023,Explorer Platinum HEV RWD,300
Ford,2022,Explorer Platinum HEV RWD,395
Ford,2021,Transit Connect Wagon LWB FFV,300
Ford,2020,Transit Connect Wagon LWB FFV,395
Ford,2019,Transit Connect Wagon LWB FFV,300
Ford,2021,Transit Connect Wagon LWB FWD,395
Ford,2020,Transit Connect Wagon LWB FWD,300
Ford,2019,Transit Connect Wagon LWB FWD,395
Ford,2022,Transit Connect Wagon LWB FFV,395
Ford,2023,Transit Connect Wagon LWB FWD,395
Ford,2022,Transit Connect Wagon LWB FWD,345
Ford,2024,Escape AWD,345
Ford,2023,Escape AWD,345
Ford,2021,Escape AWD,340
Ford,2020,Escape AWD,450
Ford,2019,Escape FWD,450
Ford,2024,Maverick FWD,450
Ford,2022,Maverick FWD,450
Ford,2024,Mustang,388
Ford,2022,Escape AWD,398
Ford,2021,F150 Pickup 2WD HEV,575
Ford,2023,F150 Pickup 2WD HEV,462
Ford,2022,F150 Pickup 2WD HEV,392
Ford,2020,Transit Connect Van 2WD,412
Ford,2019,Transit Connect Van 2WD,412
Ford,2022,Transit Connect Van FFV,398
Ford,2021,Transit Connect Van FFV,388
Ford,2020,Transit Connect Van FFV,388
Ford,2019,Transit Connect Van FFV,388
Ford,2022,Transit Connect Van FWD,388
Ford,2021,Transit Connect Van FWD,412
Ford,2023,Transit Connect Van FWD,412
Ford,2023,Maverick FWD,412
Ford,2022,EcoSport AWD,388
Ford,2021,EcoSport AWD,734
Ford,2020,EcoSport AWD,377
Ford,2019,EcoSport AWD,552
Ford,2023,Explorer HEV AWD,396
Ford,2022,Explorer HEV AWD,372
Ford,2021,Explorer HEV AWD,372
Ford,2020,Explorer HEV AWD,444
Ford,2023,Mustang,444
Ford,2022,Mustang,377
Ford,2019,F150 Pickup 2WD,377
Ford,2019,Edge FWD,283
Ford,2019,Escape FWD,624
Ford,2024,Maverick AWD,372
Ford,2022,Maverick AWD,382
Ford,2022,Mustang,372
Ford,2021,Mustang,430
Ford,2021,Mustang,430
Ford,2020,Mustang,430
Ford,2019,Mustang,430
Ford,2020,Fusion FWD,430
Ford,2019,Fusion FWD,430
Ford,2019,Fusion FWD,624
Ford,2019,Mustang,624
Ford,2021,F150 Pickup 4WD HEV,552
Ford,2019,Escape AWD,414
Ford,2019,F150 2WD BASE PAYLOAD LT TIRE,414
Ford,2023,Maverick AWD,704
Ford,2020,Fusion FWD,704
Ford,2023,Mustang,426
Ford,2020,Mustang,426
Ford,2021,Edge FWD,426
Ford,2020,Edge FWD,426
Ford,2019,Escape FWD,426
Ford,2019,Escape FWD FFV,426
Ford,2020,F150 Pickup 2WD,426
Ford,2023,Mustang,426
Ford,2022,Mustang,361
Ford,2021,Mustang,368
Ford,2024,Mustang Performance Package,368
Ford,2024,Explorer RWD,368
Ford,2023,Explorer RWD,368
Ford,2022,Explorer RWD,414
Ford,2021,Explorer RWD,414
Ford,2021,Explorer RWD,414
Ford,2020,Explorer RWD,414
Ford,2020,F150 2WD BASE PAYLOAD LT TIRE,414
Ford,2020,F150 Pickup 4WD XL/XLT,414
Ford,2019,F150 Pickup 4WD XL/XLT,414
Ford,2023,Explorer Platinum HEV AWD,426
Ford,2022,Explorer Platinum HEV AWD,426
Ford,2023,F150 Pickup 4WD HEV,426
Ford,2022,F150 Pickup 4WD HEV,412
Ford,2024,F150 Pickup 4WD HEV,412
Ford,2024,Edge AWD,356
Ford,2024,Edge AWD,356
Ford,2023,Edge AWD,366
Ford,2022,Edge AWD,366
Ford,2021,Edge AWD,356
Ford,2020,Edge AWD,356
Ford,2020,Edge AWD,356
Ford,2019,Edge AWD,356
Ford,2019,Escape AWD,356
Ford,2024,Bronco Sport 4WD,356
Ford,2023,Bronco Sport 4WD,356
Ford,2022,Bronco Sport 4WD,356
Ford,2021,Bronco Sport 4WD,412
Ford,2023,Ranger 2WD,412
Ford,2022,Ranger 2WD,412
Ford,2021,Ranger 2WD,412
Ford,2020,Ranger 2WD,412
Ford,2019,Ranger 2WD,412
Ford,2020,Fusion AWD,529
Ford,2019,Fusion AWD,356
Ford,2023,Edge AWD,366
Ford,2022,Edge AWD,356
Ford,2021,Edge AWD,356
Ford,2023,Explorer RWD,356
Ford,2022,Explorer RWD,366
Ford,2023,Mustang Convertible,356
Ford,2023,Mustang Convertible,356
Ford,2022,Mustang Convertible,356
Ford,2022,Mustang Convertible,414
Ford,2021,Mustang Convertible,341
Ford,2021,Mustang Convertible,350
Ford,2020,Mustang Convertible,341
Ford,2020,Mustang Convertible,348
Ford,2019,Mustang Convertible,348
Ford,2019,Mustang Convertible,348
Ford,2020,Mustang HO Coupe,348
Ford,2019,Mustang Performance Package,348
Ford,2024,Explorer AWD,348
Ford,2023,Explorer AWD,394
Ford,2022,Explorer AWD,394
Ford,2021,Explorer AWD,506
Ford,2021,Explorer AWD,506
Ford,2020,Explorer AWD,506
Ford,2021,F150 Pickup 4WD,506
Ford,2023,Mustang Convertible,506
Ford,2022,Mustang Convertible,396
Ford,2021,Mustang Convertible,396
Ford,2020,Mustang HO Convertible,348
Ford,2023,Mustang HO Coupe,348
Ford,2022,Mustang HO Coupe,348
Ford,2021,Mustang HO Coupe,348
Ford,2020,Mustang HO Coupe,348
Ford,2019,Mustang Performance Package,506
Ford,2024,Ranger 2WD,572
Ford,2023,Mustang HO Coupe,506
Ford,2022,Mustang HO Coupe,414
Ford,2021,Mustang HO Coupe,396
Ford,2022,Transit Connect USPS,396
Ford,2021,Transit Connect USPS,396
Ford,2020,Transit Connect USPS,396
Ford,2019,Transit Connect USPS,398
Ford,2020,Transit Connect Van 2WD,409
Ford,2019,Transit Connect Van 2WD,341
Ford,2021,Transit Connect Van FWD,350
Ford,2023,Explorer AWD,341
Ford,2022,Explorer AWD,341
Ford,2023,F150 Pickup 2WD,506
Ford,2022,F150 Pickup 2WD,368
Ford,2021,F150 Pickup 2WD,506
Ford,2020,F150 Pickup 2WD,368
Ford,2019,F150 Pickup 2WD,483
Ford,2023,Ranger 2WD,368
Ford,2022,Ranger 2WD,346
Ford,2022,Transit Connect Van FWD,355
Ford,2022,Transit Connect Wagon LWB FWD,355
Ford,2021,Transit Connect Wagon LWB FWD,388
Ford,2020,Transit Connect Wagon LWB FWD,388
Ford,2019,Transit Connect Wagon LWB FWD,388
Ford,2019,F150 4WD BASE PAYLOAD LT TIRE,388
Ford,2020,F150 Pickup 4WD,388
Ford,2019,F150 Pickup 4WD,388
Ford,2024,Ranger 4WD,483
Ford,2023,Ranger 4WD,483
Ford,2022,Ranger 4WD,483
Ford,2021,Ranger 4WD,326
Ford,2020,Ranger 4WD,334
Ford,2019,Ranger 4WD,326
Ford,2019,Explorer FWD,483
Ford,2023,Mustang HO Convertible,368
Ford,2022,Mustang HO Convertible,483
Ford,2021,Mustang HO Convertible,368
Ford,2020,Mustang HO Convertible,483
Ford,2020,F150 Pickup 2WD FFV,368
Ford,2019,F150 Pickup 2WD FFV,483
Ford,2021,F150 Pickup 2WD FFV,483
Ford,2024,Maverick Tremor AWD,483
Ford,2023,Maverick Tremor AWD,378
Ford,2021,Bronco 4WD,378
Ford,2021,Bronco 4WD,376
Ford,2020,Edge AWD,376
Ford,2019,Edge AWD,376
Ford,2024,Edge AWD,376
Ford,2023,Edge AWD,376
Ford,2022,Edge AWD,424
Ford,2021,Edge AWD,424
Ford,2019,F150 2.7L 2WD GVWR>6649 LBS,424
Ford,2019,F150 2WD BASE PAYLOAD LT TIRE,399
Ford,2024,F150 Pickup 2WD,399
Ford,2023,Mustang HO Convertible,285
Ford,2022,Mustang HO Convertible,391
Ford,2021,Mustang HO Convertible,483
Ford,2019,F150 2WD FFV BASE PAYLOAD LT,483
Ford,2023,F150 Pickup 2WD FFV,483
Ford,2022,F150 Pickup 2WD FFV,338
Ford,2022,F150 Pickup 4WD,338
Ford,2021,F150 Pickup 4WD,338
Ford,2019,F150 Pickup 4WD,338
Ford,2023,Ranger 4WD,338
Ford,2022,Ranger 4WD,338
Ford,2021,Explorer Timberline AWD,460
Ford,2024,Explorer Timberline AWD,345
Ford,2023,Explorer Timberline AWD,460
Ford,2022,Explorer Timberline AWD,345
Ford,2024,Explorer RWD,460
Ford,2023,Explorer RWD,345
Ford,2022,Explorer RWD,460
Ford,2021,Explorer RWD,345
Ford,2019,Taurus FWD,338
Ford,2019,Taurus FWD FFV,338
Ford,2019,Explorer AWD,358
Ford,2023,F150 Pickup 2WD,358
Ford,2019,F150 Pickup 2WD,358
Ford,2023,F150 Pickup 2WD,404
Ford,2024,Bronco 4WD,404
Ford,2024,Bronco 4WD,358
Ford,2023,Bronco 4WD,358
Ford,2023,Bronco 4WD,404
Ford,2022,Bronco 4WD,404
Ford,2022,Bronco 4WD,404
Ford,2023,F150 Pickup 2WD FFV,404
Ford,2024,Ranger 4WD,404
Ford,2023,F150 Pickup 4WD FFV,404
Ford,2022,F150 Pickup 4WD FFV,460
Ford,2021,F150 Pickup 4WD FFV,460
Ford,2024,Bronco 4WD,460
Ford,2023,Bronco 4WD,460
Ford,2023,Explorer Timberline AWD,460
Ford,2022,Explorer Timberline AWD,460
Ford,2024,Explorer RWD,460
Ford,2023,Explorer RWD,460
Ford,2022,Explorer RWD,460
Ford,2024,Explorer AWD,460
Ford,2024,Explorer AWD,460
Ford,2023,Explorer AWD,460
Ford,2023,Explorer AWD,345
Ford,2022,Explorer AWD,460
Ford,2022,Explorer AWD,345
Ford,2021,Explorer AWD,360
Ford,2020,Explorer AWD,436
Ford,2022,F150 Pickup 2WD,327
Ford,2021,F150 Pickup 2WD,460
Ford,2023,F150 Pickup 4WD,460
Ford,2021,F150 Pickup 4WD,345
Ford,2019,F150 2.7L 4WD GVWR>6799 LBS,466
Ford,2019,F150 4WD BASE PAYLOAD LT TIRE,372
Ford,2024,F150 Pickup 4WD,279
Ford,2023,F150 Pickup 4WD,404
Ford,2022,F150 Pickup 4WD,404
Ford,2021,F150 Pickup 4WD,358
Ford,2020,F150 Pickup 4WD,268
Ford,2020,F150 Pickup 4WD FFV,372
Ford,2019,F150 Pickup 4WD FFV,460
Ford,2019,Fusion AWD,460
Ford,2023,Explorer FFV AWD,460
Ford,2024,F150 Pickup 2WD,322
Ford,2023,F150 Pickup 2WD FFV,460
Ford,2019,Expedition 2WD,322
Ford,2019,Explorer 2WD FFV,460
Ford,2023,Explorer AWD,460
Ford,2023,Explorer AWD,321
Ford,2024,Explorer FFV AWD,342
Ford,2019,Explorer FWD,342
Ford,2022,F150 Pickup 2WD,342
Ford,2021,F150 Pickup 2WD,321
Ford,2022,F150 Pickup 2WD FFV,437
Ford,2021,F150 Pickup 2WD FFV,322
Ford,2023,F150 Pickup 4WD,437
Ford,2022,F150 Pickup 4WD,322
Ford,2022,Bronco 4WD,437
Ford,2023,Ranger Tremor 4WD,322
Ford,2022,Ranger Tremor 4WD,361
Ford,2021,Ranger Tremor 4WD,361
Ford,2021,Bronco 4WD,285
Ford,2023,F150 Pickup 2WD FFV,441
Ford,2022,F150 Pickup 2WD FFV,441
Ford,2021,F150 Pickup 2WD FFV,441
Ford,2019,Taurus AWD,475
Ford,2019,Taurus AWD FFV,475
Ford,2024,Expedition 2WD,570
Ford,2023,Expedition 2WD,570
Ford,2022,Expedition 2WD,538
Ford,2021,Expedition 2WD,437
Ford,2020,Expedition 2WD,437
Ford,2021,Expedition MAX 2WD,322
Ford,2020,Expedition MAX 2WD,437
Ford,2019,Expedition MAX 2WD,299
Ford,2020,F150 Pickup 2WD,437
Ford,2020,F150 Pickup 2WD FFV,437
Ford,2019,F150 Pickup 2WD FFV,437
Ford,2023,F150 Pickup 4WD,437
Ford,2022,F150 Pickup 4WD,475
Ford,2021,F150 Pickup 4WD,475
Ford,2019,F150 Pickup 4WD,443
Ford,2021,Expedition 4WD,437
Ford,2020,Expedition 4WD,437
Ford,2019,Expedition 4WD,345
Ford,2019,F150 2WD BASE PAYLOAD LT TIRE,437
Ford,2019,F150 4WD FFV BASE PAYLOAD LT,437
Ford,2020,F150 Pickup 2WD Limited,437
Ford,2019,F150 Pickup 2WD Limited,322
Ford,2023,F150 Pickup 4WD FFV,437
Ford,2019,F150 3.5L 2WD GVWR>7599 LBS,437
Ford,2020,F150 Pickup 4WD Limited,437
Ford,2019,F150 Pickup 4WD Limited,304
Ford,2020,Mustang,304
Ford,2019,Mustang,414
Ford,2022,Explorer FFV AWD,283
Ford,2024,F150 Pickup 2WD,437
Ford,2024,F150 Pickup 4WD,437
Ford,2024,F150 Pickup 4WD,437
Ford,2024,Mustang,361
Ford,2019,Taurus AWD,441
Ford,2023,Expedition 2WD,441
Ford,2022,Expedition 2WD,414
Ford,2021,Explorer FFV AWD,283
Ford,2020,Explorer FFV AWD,414
Ford,2019,Flex FWD,283
Ford,2019,Explorer AWD,353
Ford,2022,F150 Pickup 4WD FFV,353
Ford,2021,F150 Pickup 4WD FFV,437
Ford,2023,Mustang,299
Ford,2022,Mustang,437
Ford,2021,Mustang,299
Ford,2021,Ranger 2WD Incomplete,304
Ford,2020,Ranger 2WD Incomplete,302
Ford,2019,Ranger 2WD Incomplete,294
Ford,2024,Bronco Black Diamond 4WD,324
Ford,2024,Bronco Black Diamond 4WD,324
Ford,2023,Bronco Black Diamond 4WD,326
Ford,2023,Bronco Black Diamond 4WD,304
Ford,2022,Bronco Black Diamond 4WD,304
Ford,2021,Bronco Black Diamond 4WD,304
Ford,2021,Bronco Sasquatch 4WD,304
Ford,2024,Bronco Sasquatch 4WD,304
Ford,2023,Bronco Sasquatch 4WD,304
Ford,2022,Bronco Sasquatch 4WD,304
Ford,2022,Bronco Black Diamond 4WD,304
Ford,2021,Bronco Black Diamond 4WD,304
Ford,2022,Bronco Sasquatch 4WD,304
Ford,2024,Expedition 4WD,304
Ford,2023,Expedition 4WD,304
Ford,2022,Expedition 4WD,304
Ford,2019,Explorer AWD,418
Ford,2019,Explorer AWD FFV,418
Ford,2019,F150 4WD BASE PAYLOAD LT TIRE,418
Ford,2020,F150 Pickup 4WD,335
Ford,2023,F150 Pickup 4WD FFV,335
Ford,2022,F150 Pickup 4WD FFV,260
Ford,2021,F150 Pickup 4WD FFV,414
Ford,2019,F150 Pickup 4WD FFV,414
Ford,2019,Flex AWD,414
Ford,2023,Expedition 4WD,322
Ford,2022,Expedition 4WD,414
Ford,2021,Expedition MAX 4WD,322
Ford,2020,Expedition MAX 4WD,414
Ford,2019,Expedition MAX 4WD,322
Ford,2020,F150 2WD FFV BASE PAYLOAD LT,414
Ford,2019,F150 2WD FFV BASE PAYLOAD LT,299
Ford,2019,F150 3.5L 4WD GVWR>7599 LBS,335
Ford,2023,F150 Pickup Tremor 4WD,418
Ford,2023,F150 Pickup Tremor 4WD,418
Ford,2022,F150 Pickup Tremor 4WD,540
Ford,2022,F150 Pickup Tremor 4WD,540
Ford,2021,F150 Pickup Tremor 4WD,509
Ford,2021,F150 Pickup Tremor 4WD,414
Ford,2024,Mustang,322
Ford,2023,Mustang,414
Ford,2022,Mustang,299
Ford,2021,Mustang,414
Ford,2020,Mustang,414
Ford,2019,Mustang,414
Ford,2019,Mustang Bullitt,414
Ford,2020,Mustang Convertible,414
Ford,2019,Mustang Convertible,414
Ford,2024,Mustang,414
Ford,2023,Mustang Convertible,288
Ford,2022,Mustang Convertible,286
Ford,2021,Mustang Convertible,279
Ford,2023,Mustang Mach 1,288
Ford,2022,Mustang Mach 1,288
Ford,2021,Mustang Mach 1,288
Ford,2020,F150 Pickup 4WD FFV,288
Ford,2021,Bronco Badlands 4WD,288
Ford,2021,Bronco Badlands 4WD,288
Ford,2024,Bronco Badlands 4WD,286
Ford,2023,Bronco Badlands 4WD,279
Ford,2023,Bronco Badlands 4WD,288
Ford,2022,Bronco Badlands 4WD,288
Ford,2022,Bronco Badlands 4WD,288
Ford,2024,Bronco Sasquatch 4WD,414
Ford,2023,Bronco Sasquatch 4WD,299
Ford,2022,Bronco Sasquatch 4WD,287
Ford,2021,Bronco Sasquatch 4WD,287
Ford,2024,Expedition Timberline AWD,287
Ford,2023,Expedition Timberline AWD,287
Ford,2022,Expedition Timberline AWD,287
Ford,2024,Bronco Badlands 4WD,287
Ford,2021,Bronco Badlands 4WD,287
Ford,2024,Bronco Black Diamond 4WD,287
Ford,2023,Bronco Black Diamond 4WD,287
Ford,2024,Bronco Sasquatch 4WD,287
Ford,2023,Bronco Sasquatch 4WD,287
Ford,2024,Ranger RAPTOR 4WD,394
Ford,2023,Bronco Badlands 4WD,394
Ford,2022,Bronco Badlands 4WD,394
Ford,2019,Flex AWD,287
Ford,2019,F150 4WD FFV BASE PAYLOAD LT,287
Ford,2020,F150 5.0L 2WD FFV GVWR>7599 LBS,287
Ford,2019,F150 5.0L 2WD FFV GVWR>7599 LBS,287
Ford,2023,F150 Pickup Tremor 4WD FFV,287
Ford,2023,F150 Pickup Tremor 4WD FFV,287
Ford,2023,Expedition Timberline AWD,345
Ford,2022,Expedition Timberline AWD,287
Ford,2022,Transit T150 Wagon 2WD FFV,287
Ford,2020,Transit T150 Wagon 2WD FFV,316
Ford,2024,Mustang,391
Ford,2020,Mustang Bullitt,299
Ford,2024,Mustang Dark Horse,391
Ford,2024,Mustang Dark Horse,322
Ford,2023,Mustang Mach 1,391
Ford,2022,Mustang Mach 1,299
Ford,2021,Mustang Mach 1,612
Ford,2019,Transit T150 Wagon,468
Ford,2021,Transit T150 Wagon 2WD FFV,612
Ford,2023,F150 RAPTOR 4WD,468
Ford,2022,F150 RAPTOR 4WD,394
Ford,2021,F150 RAPTOR 4WD,394
Ford,2020,F150 RAPTOR 4WD,425
Ford,2019,F150 RAPTOR 4WD,300
Ford,2020,Shelby GT350 Mustang,425
Ford,2019,Shelby GT350 Mustang,300
Ford,2019,F150 5.0L 4WD FFV GVWR>7599 LBS,272
Ford,2020,Transit T150 Wagon 4WD FFV,272
Ford,2024,F150 RAPTOR 4WD,272
Ford,2022,Transit T150 Wagon 4WD FFV,272
Ford,2021,Transit T150 Wagon 4WD FFV,400
Ford,2024,Bronco Raptor 4WD,400
Ford,2023,Bronco Raptor 4WD,300
Ford,2022,Bronco Raptor 4WD,576
Ford,2023,F150 RAPTOR 37 4WD,416
Ford,2022,F150 RAPTOR 37 4WD,576
Ford,2021,F150 RAPTOR 37 4WD,368
Ford,2023,F150 RAPTOR 4WD,368
Ford,2022,F150 RAPTOR 4WD,256
Ford,2021,F150 RAPTOR 4WD,256
Ford,2019,Transit T150 Wagon,368
Ford,2019,Transit T150 Wagon FFV,276
Ford,2023,F150 RAPTOR 37 4WD,400
Ford,2022,F150 RAPTOR 37 4WD,300
Ford,2021,F150 RAPTOR 37 4WD,368
Ford,2022,GT,400
Ford,2021,GT,300
Ford,2020,GT,400
Ford,2022,Shelby GT500 Mustang,300
Ford,2021,Shelby GT500 Mustang,253
Ford,2020,Shelby GT500 Mustang,312
Ford,2019,GT,312
Ford,2024,F150 RAPTOR R 4WD,540
Ford,2023,F150 RAPTOR R 4WD,390
Nissan,2019,Leaf (40 kW-hr battery pack),540
Nissan,2024,LEAF,540
Nissan,2023,LEAF,390
Nissan,2022,Leaf (40 kW-hr battery pack),540
Nissan,2021,Leaf (40 kW-hr battery pack),375
Nissan,2020,Leaf (40 kW-hr battery pack),375
Nissan,2024,LEAF SV,275
Nissan,2023,LEAF SV,540
Nissan,2022,Leaf (62 kW-hr battery pack),390
Nissan,2021,Leaf (62 kW-hr battery pack),540
Nissan,2020,Leaf (62 kW-hr battery pack),224
Nissan,2019,Leaf (62 kW-hr battery pack),224
Nissan,2022,Leaf SV/SL (62 kW-hr battery pack),224
Nissan,2021,Leaf SV/SL (62 kW-hr battery pack),224
Nissan,2020,Leaf SV/SL (62 kW-hr battery pack),276
Nissan,2019,Leaf SV/SL (62 kW-hr battery pack),432
Nissan,2023,ARIYA VENTURE Plus FWD 87kWh,150
Nissan,2023,ARIYA ENGAGE FWD 63kWh,149
Nissan,2023,ARIYA EVO Plus/EMP Plus/PRM FWD 87kWh,149
Nissan,2023,ARIYA ENGAGE e-4ORCE 63kWh,149
Nissan,2023,ARIYA ENG Plus/EVO Plus e-4ORCE 87kWh,149
Nissan,2023,ARIYA PLAT Plus e-4ORCE 87kWh 19,149
Nissan,2023,ARIYA PLAT Plus e-4ORCE 87kWh 20,212
Nissan,2024,Versa,212
Nissan,2023,Versa,226
Nissan,2022,Versa,226
Nissan,2021,Versa,226
Nissan,2020,Versa,226
Nissan,2019,Rogue Hybrid FWD,215
Nissan,2019,Versa,215
Nissan,2024,Sentra,215
Nissan,2024,Kicks,215
Nissan,2023,Kicks,304
Nissan,2022,Kicks,216
Nissan,2021,Kicks,289
Nissan,2020,Kicks,205
Nissan,2019,Kicks,272
Nissan,2019,Rogue Hybrid AWD,267
Nissan,2024,Sentra SR,257
Nissan,2024,Rogue FWD,378
Nissan,2023,Rogue FWD,378
Nissan,2023,Rogue FWD,378
Nissan,2022,Rogue FWD,378
Nissan,2021,Rogue FWD,378
Nissan,2021,Rogue AWD,493
Nissan,2023,Sentra,367
Nissan,2022,Sentra,422
Nissan,2021,Sentra,356
Nissan,2020,Sentra,356
Nissan,2021,Rogue FWD SL/Platinum,356
Nissan,2019,Sentra,356
Nissan,2024,Rogue FWD SL/Platinum,356
Nissan,2023,Rogue FWD SL/Platinum,356
Nissan,2023,Rogue FWD SL/Platinum,478
Nissan,2022,Rogue FWD SL/Platinum,409
Nissan,2021,Rogue AWD SL/Platinum,478
Nissan,2022,Altima,478
Nissan,2021,Altima,478
Nissan,2020,Altima,478
Nissan,2019,Altima,478
Nissan,2023,Sentra SR,478
Nissan,2022,Sentra SR,409
Nissan,2021,Sentra SR,409
Nissan,2020,Sentra SR,409
Nissan,2024,Altima,409
Nissan,2023,Altima,464
Nissan,2024,Rogue AWD,422
Nissan,2023,Rogue AWD,464
Nissan,2023,Rogue AWD,464
Nissan,2022,Rogue AWD,464
Nissan,2024,Rogue AWD SL/Platinum,464
Nissan,2023,Rogue AWD SL/Platinum,464
Nissan,2023,Rogue AWD SL/Platinum,518
Nissan,2022,Rogue AWD SL/Platinum,518
Nissan,2024,Altima SL/SR,518
Nissan,2023,Altima SL/SR,518
Nissan,2022,Altima SR,397
Nissan,2021,Altima SR,397
Nissan,2020,Altima SR/Platinum,397
Nissan,2019,Altima SR/Platinum,397
Nissan,2022,Altima SV/SL,518
Nissan,2021,Altima SV/SL,518
Nissan,2019,Versa,450
Nissan,2021,Rogue FWD,450
Nissan,2019,Sentra,450
Nissan,2024,Versa,450
Nissan,2023,Versa,450
Nissan,2022,Versa,450
Nissan,2021,Versa,450
Nissan,2020,Versa,450
Nissan,2024,Altima AWD,502
Nissan,2023,Altima AWD,502
Nissan,2022,Altima AWD,502
Nissan,2021,Altima AWD,502
Nissan,2020,Altima AWD,502
Nissan,2019,Altima AWD,502
Nissan,2019,Sentra,502
Nissan,2021,Rogue FWD SV/SL/Platinum,502
Nissan,2021,Rogue AWD,324
Nissan,2020,Rogue FWD,435
Nissan,2019,Rogue FWD,396
Nissan,2022,Altima AWD SR/Platinum,324
Nissan,2021,Altima AWD SR/Platinum,324
Nissan,2020,Altima AWD SR/Platinum,324
Nissan,2019,Altima AWD SR/Platinum,324
Nissan,2024,Altima SR,324
Nissan,2023,Altima SR,480
Nissan,2022,Altima SR,480
Nissan,2021,Altima SR/Platinum,480
Nissan,2020,Altima SR/Platinum,480
Nissan,2019,Altima SR/Platinum,480
Nissan,2021,Rogue AWD SV/SL/Platinum,480
Nissan,2022,Rogue Sport,383
Nissan,2021,Rogue Sport,420
Nissan,2020,Rogue Sport,420
Nissan,2019,Rogue Sport,420
Nissan,2020,Rogue AWD,420
Nissan,2019,Rogue AWD,464
Nissan,2019,Sentra Nismo,464
Nissan,2019,Sentra Nismo,464
Nissan,2022,Rogue Sport AWD,464
Nissan,2021,Rogue Sport AWD,470
Nissan,2020,Rogue Sport AWD,470
Nissan,2019,Rogue Sport AWD,470
Nissan,2021,NV200 Cargo Van,470
Nissan,2020,NV200 Cargo Van,470
Nissan,2019,NV200 Cargo Van,470
Nissan,2019,NV200 NYC Taxi,406
Nissan,2023,Maxima,406
Nissan,2022,Maxima,406
Nissan,2021,Maxima,406
Nissan,2020,Maxima,406
Nissan,2019,Maxima,392
Nissan,2024,Pathfinder 4WD,392
Nissan,2023,Pathfinder 4WD,356
Nissan,2022,Pathfinder 4WD,356
Nissan,2022,Pathfinder 2WD,392
Nissan,2024,Murano AWD,392
Nissan,2023,Murano AWD,392
Nissan,2022,Murano AWD,392
Nissan,2021,Murano AWD,362
Nissan,2020,Murano AWD,700
Nissan,2019,Murano AWD,362
Nissan,2024,Murano FWD,432
Nissan,2023,Murano FWD,432
Nissan,2022,Murano FWD,432
Nissan,2021,Murano FWD,432
Nissan,2020,Murano FWD,432
Nissan,2019,Murano FWD,426
Nissan,2024,Pathfinder 2WD,426
Nissan,2023,Pathfinder 2WD,426
Nissan,2020,Pathfinder 2WD,426
Nissan,2019,Pathfinder 2WD,437
Nissan,2020,Pathfinder 4WD,437
Nissan,2024,Pathfinder 4WD Platinum,437
Nissan,2022,Pathfinder 4WD Platinum,437
Nissan,2023,Pathfinder 4WD SL/Platinum,437
Nissan,2024,Z,437
Nissan,2023,Z,437
Nissan,2020,370Z,437
Nissan,2019,370Z,437
Nissan,2019,Pathfinder 4WD,437
Nissan,2024,Pathfinder 4WD Rock Creek,437
Nissan,2023,Pathfinder 4WD Rock Creek,437
Nissan,2020,Pathfinder 4WD Platinum,426
Nissan,2019,Pathfinder 4WD Platinum,426
Nissan,2019,Frontier 2WD,448
Nissan,2020,370Z Roadster,448
Nissan,2019,370Z Roadster,429
Nissan,2024,Frontier 2WD,407
Nissan,2023,Frontier 2WD,407
Nissan,2023,Frontier 2WD,407
Nissan,2022,Frontier 2WD,418
Nissan,2021,Frontier 2WD,418
Nissan,2020,Frontier 2WD,429
Nissan,2024,Z,388
Nissan,2023,Z,388
Nissan,2024,Frontier 4WD,410
Nissan,2023,Frontier 4WD,410
Nissan,2021,370Z,443
Nissan,2020,370Z,399
Nissan,2019,370Z,441
Nissan,2024,Frontier 4WD PRO4X,441
Nissan,2023,Frontier 4WD PRO4X,420
Nissan,2024,Z NISMO,420
Nissan,2021,Frontier 4WD,422
Nissan,2020,Frontier 4WD,420
Nissan,2019,Frontier 2WD,420
Nissan,2023,Frontier 4WD,380
Nissan,2022,Frontier 4WD,380
Nissan,2023,Frontier 4WD PRO4X,399
Nissan,2019,Frontier 2WD,399
Nissan,2019,Frontier 2WD,401
Nissan,2019,Frontier 2WD FFV,401
Nissan,2024,GT-R,399
Nissan,2023,GT-R,399
Nissan,2021,GT-R,399
Nissan,2020,GT-R,401
Nissan,2019,GT-R,401
Nissan,2020,Titan 2WD,380
Nissan,2019,Frontier 4WD,274
Nissan,2023,Titan 2WD,351
Nissan,2022,Titan 2WD,351
Nissan,2021,Titan 2WD,351
Nissan,2019,Titan 2WD,351
Nissan,2023,Titan 4WD,468
Nissan,2022,Titan 4WD,380
Nissan,2021,Titan 4WD,468
Nissan,2020,Titan 4WD,468
Nissan,2019,Titan 4WD,468
Nissan,2019,Frontier 4WD,468
Nissan,2019,Frontier 4WD FFV,468
Nissan,2024,Titan 2WD,468
Nissan,2024,Titan 4WD,468
Nissan,2020,Titan 4WD PRO4X,468
Nissan,2021,Titan 4WD PRO-4X,468
Nissan,2023,Titan 4WD PRO4X,359
Nissan,2022,Titan 4WD PRO4X,359
Nissan,2019,Titan 4WD PRO4X,253
Nissan,2024,Titan 4WD PRO4X,442
Nissan,2024,Armada 2WD,442
Nissan,2023,Armada 2WD,442
Nissan,2022,Armada 2WD,442
Nissan,2021,Armada 2WD,442
Nissan,2020,Armada 2WD,442
Nissan,2019,Armada 2WD,442
Nissan,2024,Armada 4WD,416
Nissan,2023,Armada 4WD,416
Nissan,2023,Armada 4WD,416
Nissan,2022,Armada 4WD,416
Nissan,2022,Armada 4WD,416
Nissan,2021,Armada 4WD,416
Nissan,2021,Armada 4WD,416
Nissan,2020,Armada 4WD,390
Nissan,2019,Armada 4WD,390
